{"PSNR Score": 0.0, "SSIM Score": 0.0, "LPIPS Score": 0.0, "Compression Ratio Score": 99.3576595005596, "Inference Time Score": 79.29853789011638, "Score": 31.76631258362938}