{"PSNR Score": 51.05707084739603, "SSIM Score": 89.78328375534089, "LPIPS Score": 97.87706594099323, "Compression Ratio Score": 30.942535400390625, "Inference Time Score": 99.96592998504639, "Score": 33.11926760502159}